{"cameraMode":{"drawMode":0,"name":"Shaded","section":"Shading Mode"},"sceneLighting":true,"audioPlay":false,"sceneViewState":{"m_AlwaysRefresh":false,"showFog":true,"showSkybox":true,"showFlares":true,"showImageEffects":true,"showParticleSystems":true,"showVisualEffectGraphs":true,"m_FxEnabled":true},"in2DMode":false,"pivot":{"x":0.04539971053600311,"y":0.4505826234817505,"z":-6.430119037628174},"rotation":{"x":-0.10348443686962128,"y":0.1753990203142166,"z":-0.018471477553248407,"w":-0.9789248108863831},"size":0.17678186297416688,"orthographic":false}